isic_id,target
ISIC_0015657,2.586743e-05
ISIC_0015729,1.1478768e-05
ISIC_0015740,3.1201915e-05
